<?xml version="1.0" encoding="UTF-8" standalone="no"?>
<Entities>
    <ExtensionPackages>
        <ExtensionPackage dependsOn="" description="" minimumThingWorxVersion="7.2.1" name="FTPBussinessService" packageVersion="1.2.44" vendor="">
            <JarResources>
                <FileResource description="" file="FTPBussinessService.jar" type="JAR"/>
                <FileResource description="" file="commons-net-3.3.jar" type="JAR"/>
                <FileResource description="" file="json-simple-1.1.jar" type="JAR"/>
                <FileResource description="" file="jsch-0.1.54.jar" type="JAR"/>
            </JarResources>
        </ExtensionPackage>
    </ExtensionPackages>
    <ThingShapes>
        <ThingShape aspect.isEditableExtensionObject="false" className="com.ftp.FTPBusinessRulesShape" description="" name="FTPBusinessRulesShape"/>
    </ThingShapes>
</Entities>
