<?xml version="1.0" encoding="UTF-8" standalone="no"?>
<Entities>
    <ExtensionPackages>
        <ExtensionPackage dependsOn="" description="" minimumThingWorxVersion="8.3.0" name="ContentLoaderBussinessService85" packageVersion="1.0.2" vendor="">
            <JarResources>
                <FileResource description="" file="contentloaderbussinessservice85.jar" type="JAR"/>
                
            </JarResources>
        </ExtensionPackage>
    </ExtensionPackages>
    <ThingShapes>
        <ThingShape aspect.isEditableExtensionObject="false" className="com.content85.CLoaderServiceShape" description="" name="CLoaderServiceShape"/>
    </ThingShapes>
</Entities>
